[
   {
      "Usuario": "dfggfdfdg",
      "Cantidad de nodos": "A",
      "Valor inicial": "B",
      "Valor final": 2,
      "Busqueda": [
         [
            "A",
            "B"
         ]
      ]
   },
   {
      "Usuario": "dfggfdfdg",
      "Cantidad de nodos": "C",
      "Valor inicial": "D",
      "Valor final": 2,
      "Busqueda": [
         [
            "C",
            "D"
         ]
      ]
   },
   {
      "Usuario": "Juan",
      "Cantidad de nodos": "A",
      "Valor inicial": "B",
      "Valor final": 2,
      "Busqueda": [
         [
            "A",
            "B"
         ]
      ]
   },
   {
      "Usuario": "Juan",
      "Cantidad de nodos": "B",
      "Valor inicial": "A",
      "Valor final": 2,
      "Busqueda": [
         [
            "B",
            "A"
         ]
      ]
   },
   {
      "Usuario": "JUAN",
      "Cantidad de nodos": "A",
      "Valor inicial": "B",
      "Valor final": 2,
      "Busqueda": [
         [
            "A",
            "B"
         ]
      ]
   },
   {
      "Usuario": "JUAN",
      "Cantidad de nodos": 2,
      "Valor inicial": "A",
      "Valor final": "B",
      "Busqueda": [
         [
            "A",
            "B"
         ]
      ]
   },
   {
      "Usuario": "Fernando",
      "Cantidad de nodos": 2,
      "Valor inicial": "A",
      "Valor final": "B",
      "Busqueda": [
         [
            "A",
            "B"
         ]
      ]
   },
   {
      "Usuario": "JUAN",
      "Cantidad de nodos": 2,
      "Valor inicial": "A",
      "Valor final": "B",
      "Busqueda": [
         [
            "A",
            "B"
         ]
      ]
   },
   {
      "Usuario": "JUAN",
      "Cantidad de nodos": 2,
      "Valor inicial": "A",
      "Valor final": "B",
      "Busqueda": [
         [
            "A",
            "B"
         ]
      ]
   },
   {
      "Usuario": "\tSANDRA",
      "Cantidad de nodos": 2,
      "Valor inicial": "A",
      "Valor final": "B",
      "Busqueda": [
         [
            "A",
            "B"
         ]
      ]
   }
]